discipline,name,country,total_medals,Gold_Medals,Silver_Medals,Bronze_Medals
"3x3 Basketball","GIMENO Vega",Spain,1,0,1,0
"3x3 Basketball","de JONG Worthy",Netherlands,1,1,0,0
"3x3 Basketball","van der HORST Dimeo",Netherlands,1,1,0,0
"3x3 Basketball","HAMBY Dearica","United States",1,0,0,1
"3x3 Basketball","BURDICK Cierra","United States",1,0,0,1
"3x3 Basketball","van LITH Hailey","United States",1,0,0,1
"3x3 Basketball","HOWARD Rhyne","United States",1,0,0,1
"3x3 Basketball","SEGUELA Franck",France,1,0,1,0
"3x3 Basketball","DUSSOULIER Lucas",France,1,0,1,0
"3x3 Basketball","DZIAUGYS Evaldas",Lithuania,1,0,0,1
"3x3 Basketball","DRIESSEN Jan",Netherlands,1,1,0,0
"3x3 Basketball","MATULIS Gintautas",Lithuania,1,0,0,1
"3x3 Basketball","VINGELIS Sarunas",Lithuania,1,0,0,1
"3x3 Basketball","BRUNCKHORST Svenja",Germany,1,1,0,0
"3x3 Basketball","GREINACHER Sonja",Germany,1,1,0,0
"3x3 Basketball","REICHERT Marie",Germany,1,1,0,0
"3x3 Basketball","MEVIUS Elisa",Germany,1,1,0,0
"3x3 Basketball","ALONSO Gracia",Spain,1,0,1,0
"3x3 Basketball","RAMBAUT Jules",France,1,0,1,0
"3x3 Basketball","YGUERAVIDE Sandra",Spain,1,0,1,0
"3x3 Basketball","CAMILION Juana",Spain,1,0,1,0
"3x3 Basketball","PUKELIS Aurelijus",Lithuania,1,0,0,1
"3x3 Basketball","VERGIAT Timothe",France,1,0,1,0
"3x3 Basketball","SLAGTER Arvin",Netherlands,1,1,0,0
Archery,"LIM Sihyeon",Korea,3,3,0,0
Archery,"KIM Woojin",Korea,3,3,0,0
Archery,"NAM Suhyeon",Korea,2,1,1,0
Archery,"ELLISON Brady","United States",2,0,1,1
Archery,"LEE Wooseok",Korea,2,1,0,1
Archery,"BARBELIN Lisa",France,1,0,0,1
Archery,"VALLADONT Jean-Charles",France,1,0,1,0
Archery,"JEON Hunyoung",Korea,1,1,0,0
Archery,"AN Qixuan",China,1,0,1,0
Archery,"LI Jiaman",China,1,0,1,0
Archery,"YANG Xiaolei",China,1,0,1,0
Archery,"RUIZ Angela",Mexico,1,0,0,1
Archery,"VALENCIA Alejandra",Mexico,1,0,0,1
Archery,"KIM Je Deok",Korea,1,1,0,0
Archery,"ADDIS Baptiste",France,1,0,1,0
Archery,"CHIRAULT Thomas",France,1,0,1,0
Archery,"GAZOZ Mete",Türkiye,1,0,0,1
Archery,"TUMER Berkim",Türkiye,1,0,0,1
Archery,"YILDIRMIS Abdullah",Türkiye,1,0,0,1
Archery,"KROPPEN Michelle",Germany,1,0,1,0
Archery,"VAZQUEZ Ana",Mexico,1,0,0,1
Archery,"KAUFHOLD Casey","United States",1,0,0,1
Archery,"UNRUH Florian",Germany,1,0,1,0
"Artistic Gymnastics","BILES Simone","United States",4,3,1,0
"Artistic Gymnastics","ANDRADE Rebeca",Brazil,4,1,2,1
"Artistic Gymnastics","OKA Shinnosuke",Japan,4,3,0,1
"Artistic Gymnastics","LEE Sunisa","United States",3,1,0,2
"Artistic Gymnastics","ZOU Jingyuan",China,3,1,2,0
"Artistic Gymnastics","ZHANG Boheng",China,3,0,2,1
"Artistic Gymnastics","LIU Yang",China,2,1,1,0
"Artistic Gymnastics","ESPOSITO Manila",Italy,2,0,1,1
"Artistic Gymnastics","CAREY Jade","United States",2,1,0,1
"Artistic Gymnastics","NEDOROSCIK Stephen","United States",2,0,0,2
"Artistic Gymnastics","YULO Carlos Edriel",Philippines,2,2,0,0
"Artistic Gymnastics","D'AMATO Alice",Italy,2,1,1,0
"Artistic Gymnastics","XIAO Ruoteng",China,2,0,1,1
"Artistic Gymnastics","DOLGOPYAT Artem",Israel,1,0,1,0
"Artistic Gymnastics","SU Weide",China,1,0,1,0
"Artistic Gymnastics","TANIGAWA Wataru",Japan,1,1,0,0
"Artistic Gymnastics","SUGINO Takaaki",Japan,1,1,0,0
"Artistic Gymnastics","CHILES Jordan","United States",1,1,0,0
"Artistic Gymnastics","SOARES Julia",Brazil,1,0,0,1
"Artistic Gymnastics","SARAIVA Flavia",Brazil,1,0,0,1
"Artistic Gymnastics","OLIVEIRA Lorrane",Brazil,1,0,0,1
"Artistic Gymnastics","BARBOSA Jade",Brazil,1,0,0,1
"Artistic Gymnastics","DAVTYAN Artur",Armenia,1,0,1,0
"Artistic Gymnastics","KAYA Kazuma",Japan,1,1,0,0
"Artistic Gymnastics","ANDREOLI Angela",Italy,1,0,1,0
"Artistic Gymnastics","HASHIMOTO Daiki",Japan,1,1,0,0
"Artistic Gymnastics","HEPWORTH Harry","Great Britain",1,0,0,1
"Artistic Gymnastics","NEMOUR Kaylia",Algeria,1,1,0,0
"Artistic Gymnastics","QIU Qiyuan",China,1,0,1,0
"Artistic Gymnastics","Mc CLENAGHAN Rhys",Ireland,1,1,0,0
"Artistic Gymnastics","IORIO Elisa",Italy,1,0,1,0
"Artistic Gymnastics","JARMAN Jake","Great Britain",1,0,0,1
"Artistic Gymnastics","MALONE Brody","United States",1,0,0,1
"Artistic Gymnastics","RICHARD Frederick","United States",1,0,0,1
"Artistic Gymnastics","KURBANOV Nariman",Kazakhstan,1,0,1,0
"Artistic Gymnastics","TANG Chia-Hung","Chinese Taipei",1,0,0,1
"Artistic Gymnastics","KOVTUN Illia",Ukraine,1,0,1,0
"Artistic Gymnastics","JUDA Paul","United States",1,0,0,1
"Artistic Gymnastics","ZHOU Yaqin",China,1,0,1,0
"Artistic Gymnastics","VILLA Giorgia",Italy,1,0,1,0
"Artistic Gymnastics","BARBOSU Ana",Romania,1,0,0,1
"Artistic Gymnastics","HONG Asher","United States",1,0,0,1
"Artistic Gymnastics","RIVERA Hezly","United States",1,1,0,0
"Artistic Gymnastics","PETROUNIAS Eleftherios",Greece,1,0,0,1
"Artistic Gymnastics","BARAJAS Angel",Colombia,1,0,1,0
"Artistic Swimming","CHANG Hao",China,1,1,0,0
"Artistic Swimming","GARCIA POLO Marina",Spain,1,0,0,1
"Artistic Swimming","FERRE GASET Txell",Spain,1,0,0,1
"Artistic Swimming","SALDANA LOPEZ Sara",Spain,1,0,0,1
"Artistic Swimming","LLUIS VALETTE Lilou",Spain,1,0,0,1
"Artistic Swimming","RAMIREZ IBANEZ Paula",Spain,1,0,0,1
"Artistic Swimming","TOLEDANO LAUT Blanca",Spain,1,0,0,1
"Artistic Swimming","MAS PUJADAS Meritxell",Spain,1,0,0,1
"Artistic Swimming","OZHOGINA OZHOGIN Alisa",Spain,1,0,0,1
"Artistic Swimming","TIO CASAS Iris",Spain,1,0,0,1
"Artistic Swimming","LIU Calista","United States",1,0,1,0
"Artistic Swimming","REMATI Ruby","United States",1,0,1,0
"Artistic Swimming","RAMIREZ Daniella","United States",1,0,1,0
"Artistic Swimming","LUU Jacklyn","United States",1,0,1,0
"Artistic Swimming","KWON Audrey","United States",1,0,1,0
"Artistic Swimming","HUNTER Keana","United States",1,0,1,0
"Artistic Swimming","FIELD Megumi","United States",1,0,1,0
"Artistic Swimming","CZARKOWSKI Jaime","United States",1,0,1,0
"Artistic Swimming","ALVAREZ Anita","United States",1,0,1,0
"Artistic Swimming","CHENG Wentao",China,1,1,0,0
"Artistic Swimming","ZHANG Yayi",China,1,1,0,0
"Artistic Swimming","XIAO Yanning",China,1,1,0,0
"Artistic Swimming","XIANG Binxuan",China,1,1,0,0
"Artistic Swimming","WANG Liuyi",China,1,1,0,0
"Artistic Swimming","WANG Ciyue",China,1,1,0,0
"Artistic Swimming","WANG Qianyi",China,1,1,0,0
"Artistic Swimming","FENG Yu",China,1,1,0,0
Athletics,"HASSAN Sifan",Netherlands,3,1,0,2
Athletics,"HUDSON-SMITH Matthew","Great Britain",2,0,1,1
Athletics,"PEREZ Maria",Spain,2,1,1,0
Athletics,"HALL Quincy","United States",2,2,0,0
Athletics,"BOL Femke",Netherlands,2,1,0,1
Athletics,"YEARGIN Nicole","Great Britain",2,0,0,2
Athletics,"BROWN Kaylyn","United States",2,1,1,0
Athletics,"CHEBET Beatrice",Kenya,2,2,0,0
Athletics,"KIPYEGON Faith",Kenya,2,1,1,0
Athletics,"FISHER Grant","United States",2,0,0,2
Athletics,"NIELSEN Laviai","Great Britain",2,0,0,2
Athletics,"ANNING Amber","Great Britain",2,0,0,2
Athletics,"REARDON Samuel","Great Britain",2,0,0,2
Athletics,"HAYDOCK-WILSON Alex","Great Britain",2,0,0,2
Athletics,"LITTLE Shamier","United States",2,1,1,0
Athletics,"MONTAG Jemima",Australia,2,0,0,2
Athletics,"WILLIAMS Jodie","Great Britain",2,0,0,2
Athletics,"RICHARDSON Sha'carri","United States",2,1,1,0
Athletics,"ALFRED Julien","Saint Lucia",2,1,1,0
Athletics,"TEBOGO Letsile",Botswana,2,1,1,0
Athletics,"MARTIN Alvaro",Spain,2,1,0,1
Athletics,"KELLY Hannah","Great Britain",2,0,0,2
Athletics,"PINTADO Brian Daniel",Ecuador,2,1,1,0
Athletics,"JEFFERSON Melissa","United States",2,1,0,1
Athletics,"THOMAS Gabrielle","United States",2,2,0,0
Athletics,"WILSON Quincy","United States",2,1,1,0
Athletics,"NORWOOD Vernon","United States",2,1,1,0
Athletics,"DEADMON Bryce","United States",2,1,1,0
Athletics,"KLAVER Lieke",Netherlands,2,1,1,0
Athletics,"MOORE Jasmine","United States",2,0,0,2
Athletics,"LYLES Noah","United States",2,1,0,1
Athletics,"KERR Hamish","New Zealand",1,1,0,0
Athletics,"SEDJATI Djamel",Algeria,1,0,0,1
Athletics,"AROP Marco",Canada,1,0,1,0
Athletics,"WANYONYI Emmanuel",Kenya,1,1,0,0
Athletics,"KWEMOI Ronald",Kenya,1,0,1,0
Athletics,"LUECKENKEMPER Gina",Germany,1,0,0,1
Athletics,"MAYER Lisa",Germany,1,0,0,1
Athletics,"BAILEY Christopher","United States",1,1,0,0
Athletics,"LINDSEY Courtney","United States",1,1,0,0
Athletics,"NORMAN Michael","United States",1,1,0,0
Athletics,"EPPIE Lee Bhekempilo",Botswana,1,0,1,0
Athletics,"KEBINATSHIPI Busang Collen",Botswana,1,0,1,0
Athletics,"NDORI Bayapo",Botswana,1,0,1,0
Athletics,"PESELA Anthony",Botswana,1,0,1,0
Athletics,"SCOTCH Leungo",Botswana,1,0,1,0
Athletics,"DOBSON Charles","Great Britain",1,0,0,1
Athletics,"HARRIES Toby","Great Britain",1,0,0,1
Athletics,Unknown,"Great Britain",1,0,0,1
Athletics,"BUTLER Aaliyah","United States",1,1,0,0
Athletics,"ELLIS Kendall","United States",1,1,0,0
Athletics,"HAYES Quanera","United States",1,1,0,0
Athletics,"HOLMES Alexis","United States",1,1,0,0
Athletics,"de WITTE Lisanne",Netherlands,1,0,1,0
Athletics,"SAALBERG Eveline",Netherlands,1,0,1,0
Athletics,"van de WIEL Anne",Netherlands,1,0,1,0
Athletics,"van der SCHOOT Myrte",Netherlands,1,0,1,0
Athletics,"JOHN Yemi Mary","Great Britain",1,0,0,1
Athletics,"NIELSEN Lina","Great Britain",1,0,0,1
Athletics,"OHURUOGU Victoria","Great Britain",1,0,0,1
Athletics,"SONG Jiayuan",China,1,0,0,1
Athletics,"WESCHE Maddison-Lee","New Zealand",1,0,1,0
Athletics,"OGUNLEYE Yemisi",Germany,1,1,0,0
Athletics,"AREGAWI Berihu",Ethiopia,1,0,1,0
Athletics,"KACZMAREK Natalia",Poland,1,0,0,1
Athletics,"NASER Salwa Eid",Bahrain,1,0,1,0
Athletics,"INGEBRIGTSEN Jakob",Norway,1,1,0,0
Athletics,"PAULINO Marileidy","Dominican Republic",1,1,0,0
Athletics,"BATTOCLETTI Nadia",Italy,1,0,1,0
Athletics,"DIAZ HERNANDEZ Andy",Italy,1,0,0,1
Athletics,"PICHARDO Pedro",Portugal,1,0,1,0
Athletics,"DIAZ FORTUN Jordan Alejandro",Spain,1,1,0,0
Athletics,"dos SANTOS Alison",Brazil,1,0,0,1
Athletics,"WARHOLM Karsten",Norway,1,0,1,0
Athletics,"BENJAMIN Rai","United States",1,1,0,0
Athletics,"BONFIM Caio",Brazil,1,0,1,0
Athletics,"YANG Jiayu",China,1,1,0,0
Athletics,"MIHAMBO Malaika",Germany,1,0,1,0
Athletics,"DAVIS-WOODHALL Tara","United States",1,1,0,0
Athletics,"COCKRELL Anna","United States",1,0,1,0
Athletics,"McLAUGHLIN-LEVRONE Sydney","United States",1,1,0,0
Athletics,"PETERS Anderson",Grenada,1,0,0,1
Athletics,"CHOPRA Neeraj",India,1,0,1,0
Athletics,"CHEPTEGEI Joshua",Uganda,1,1,0,0
Athletics,"NADEEM Arshad",Pakistan,1,1,0,0
Athletics,"BEDNAREK Kenneth","United States",1,0,1,0
Athletics,"BROADBELL Rasheed",Jamaica,1,0,0,1
Athletics,"ROBERTS Daniel","United States",1,0,1,0
Athletics,"HOLLOWAY Grant","United States",1,1,0,0
Athletics,"KERR Josh","Great Britain",1,0,1,0
Athletics,"JEFFERIES Ben","Great Britain",1,0,0,1
Athletics,"DAVEY Lewis","Great Britain",1,0,0,1
Athletics,"WHITTAKER Isabella","United States",1,0,1,0
Athletics,"ROOTH Markus",Norway,1,1,0,0
Athletics,"NEUGEBAUER Leo",Germany,1,0,1,0
Athletics,"VICTOR Lindon",Grenada,1,0,0,1
Athletics,"CROUSER Ryan","United States",1,1,0,0
Athletics,"KOVACS Joe","United States",1,0,1,0
Athletics,"CAMPBELL Rajindra",Jamaica,1,0,0,1
Athletics,"LAFOND Thea",Dominica,1,1,0,0
Athletics,"RICKETTS Shanieka",Jamaica,1,0,1,0
Athletics,"FURLANI Mattia",Italy,1,0,0,1
Athletics,Unknown,Netherlands,1,1,0,0
Athletics,"PEETERS Cathelijn",Netherlands,1,1,0,0
Athletics,"OMALLA Eugene",Netherlands,1,1,0,0
Athletics,"KLEIN IKKINK Isaya",Netherlands,1,1,0,0
Athletics,"THOMPSON Kishane",Jamaica,1,0,1,0
Athletics,"KERLEY Fred","United States",1,0,0,1
Athletics,"KATZBERG Ethan",Canada,1,1,0,0
Athletics,"HALASZ Bence",Hungary,1,0,1,0
Athletics,"KOKHAN Mykhaylo",Ukraine,1,0,0,1
Athletics,"MAHUCHIKH Yaroslava",Ukraine,1,1,0,0
Athletics,"OLYSLAGERS Nicola",Australia,1,0,1,0
Athletics,"GERASHCHENKO Iryna",Ukraine,1,0,0,1
Athletics,"PATTERSON Eleanor",Australia,1,0,0,1
Athletics,"BROWN Brittany","United States",1,0,0,1
Athletics,"YAVI Winfred",Bahrain,1,1,0,0
Athletics,"CHEMUTAI Peruth",Uganda,1,0,1,0
Athletics,"CHEROTICH Faith",Kenya,1,0,0,1
Athletics,"ROGERS Camryn",Canada,1,1,0,0
Athletics,"ECHIKUNWOKE Annette Nneka","United States",1,0,1,0
Athletics,"ZHAO Jie",China,1,0,0,1
Athletics,"NEWMAN Alysha",Canada,1,0,0,1
Athletics,"MOON Katie","United States",1,0,1,0
Athletics,"KENNEDY Nina",Australia,1,1,0,0
Athletics,"DENNY Matthew",Australia,1,0,0,1
Athletics,"ALEKNA Mykolas",Lithuania,1,0,1,0
Athletics,"STONA Roje",Jamaica,1,1,0,0
Athletics,"SAMUKONGA Muzala",Zambia,1,0,0,1
Athletics,"KIBIWOT Abraham",Kenya,1,0,0,1
Athletics,"ROOKS Kenneth","United States",1,0,1,0
Athletics,"EL BAKKALI Soufiane",Morocco,1,1,0,0
Athletics,"DUPLANTIS Armand",Sweden,1,1,0,0
Athletics,"KENDRICKS Sam","United States",1,0,1,0
Athletics,"KARALIS Emmanouil",Greece,1,0,0,1
Athletics,"HODGKINSON Keely","Great Britain",1,1,0,0
Athletics,"DUGUMA Tsige",Ethiopia,1,0,1,0
Athletics,"MORAA Mary",Kenya,1,0,0,1
Athletics,"ALLMAN Valarie","United States",1,1,0,0
Athletics,"FENG Bin",China,1,0,1,0
Athletics,"ELKASEVIC Sandra",Croatia,1,0,0,1
Athletics,"HOCKER Cole","United States",1,1,0,0
Athletics,"NUGUSE Yared","United States",1,0,0,1
Athletics,"TENTOGLOU Miltiadis",Greece,1,1,0,0
Athletics,"PINNOCK Wayne",Jamaica,1,0,1,0
Athletics,"HOBBS Aleia","United States",1,1,0,0
Athletics,"DAVIS Tamari","United States",1,1,0,0
Athletics,"MITCHELL-BLAKE Nethaneel","Great Britain",1,0,0,1
Athletics,"KILTY Richard","Great Britain",1,0,0,1
Athletics,"HUGHES Zharnel","Great Britain",1,0,0,1
Athletics,"HINCHLIFFE Louie","Great Britain",1,0,0,1
Athletics,"AZU Jeremiah","Great Britain",1,0,0,1
Athletics,"WALAZA Bayanda","South Africa",1,0,1,0
Athletics,"SIMBINE Akani","South Africa",1,0,1,0
Athletics,"RICHARDSON Benjamin","South Africa",1,0,1,0
Athletics,"NKOANA Bradley","South Africa",1,0,1,0
Athletics,"MASWANGANYI Shaun","South Africa",1,0,1,0
Athletics,"RODNEY Brendon",Canada,1,1,0,0
Athletics,"De GRASSE Andre",Canada,1,1,0,0
Athletics,"BROWN Aaron",Canada,1,1,0,0
Athletics,"BLAKE Jerome",Canada,1,1,0,0
Athletics,"ASEMOTA Duan",Canada,1,1,0,0
Athletics,"ADJIBI Eliezer",Canada,1,1,0,0
Athletics,"ASSEFA Tigst",Ethiopia,1,0,1,0
Athletics,"OBIRI Hellen",Kenya,1,0,0,1
Athletics,"COWLEY Rhydian",Australia,1,0,0,1
Athletics,"MOREJON Glenda",Ecuador,1,0,1,0
Athletics,"TERRY Twanisha","United States",1,1,0,0
Athletics,"ASHER-SMITH Dina","Great Britain",1,0,1,0
Athletics,"HENRY Desiree","Great Britain",1,0,1,0
Athletics,"HUNT Amy","Great Britain",1,0,1,0
Athletics,"LANSIQUOT Imani","Great Britain",1,0,1,0
Athletics,"NEITA Daryll","Great Britain",1,0,1,0
Athletics,"WILLIAMS Bianca","Great Britain",1,0,1,0
Athletics,"BURGHARDT Alexandra",Germany,1,0,0,1
Athletics,"HAASE Rebekka",Germany,1,0,0,1
Athletics,"JUNK Sophia",Germany,1,0,0,1
Athletics,"OGRODNIKOVA Nikola",Czechia,1,0,0,1
Athletics,"van DYK Jo-Ane","South Africa",1,0,1,0
Athletics,"KITAGUCHI Haruka",Japan,1,1,0,0
Athletics,"BELL Georgia","Great Britain",1,0,0,1
Athletics,"HULL Jessica",Australia,1,0,1,0
Athletics,"CAMACHO-QUINN Jasmine","Puerto Rico",1,0,0,1
Athletics,"SAMBA-MAYELA Cyrena",France,1,0,1,0
Athletics,"RUSSELL Masai","United States",1,1,0,0
Athletics,"KIPRUTO Benson",Kenya,1,0,0,1
Athletics,"ABDI Bashir",Belgium,1,0,1,0
Athletics,"TOLA Tamirat",Ethiopia,1,1,0,0
Athletics,"BARSHIM Mutaz Essa",Qatar,1,0,0,1
Athletics,"McEWEN Shelby","United States",1,0,1,0
Badminton,"AN Se Young",Korea,1,1,0,0
Badminton,"HE Bing Jiao",China,1,0,1,0
Badminton,"SOH Wooi Yik",Malaysia,1,0,0,1
Badminton,"HIGASHINO Arisa",Japan,1,0,0,1
Badminton,"WATANABE Yuta",Japan,1,0,0,1
Badminton,"LIU Sheng Shu",China,1,0,1,0
Badminton,"WANG Chi-Lin","Chinese Taipei",1,1,0,0
Badminton,"LEE Yang","Chinese Taipei",1,1,0,0
Badminton,"JIA Yi Fan",China,1,1,0,0
Badminton,"TAN Ning",China,1,0,1,0
Badminton,"CHEN Qing Chen",China,1,1,0,0
Badminton,"ZHENG Si Wei",China,1,1,0,0
Badminton,"AXELSEN Viktor",Denmark,1,1,0,0
Badminton,"VITIDSARN Kunlavut",Thailand,1,0,1,0
Badminton,"LEE Zii Jia",Malaysia,1,0,0,1
Badminton,"LIANG Wei Keng",China,1,0,1,0
Badminton,"WANG Chang",China,1,0,1,0
Badminton,"MATSUYAMA Nami",Japan,1,0,0,1
Badminton,"CHIA Aaron",Malaysia,1,0,0,1
Badminton,"SHIDA Chiharu",Japan,1,0,0,1
Badminton,"KIM Won Ho",Korea,1,0,1,0
Badminton,"JEONG Na Eun",Korea,1,0,1,0
Badminton,"HUANG Ya Qiong",China,1,1,0,0
Basketball,"IONESCU Sabrina","United States",1,1,0,0
Basketball,"COPPER Kahleah","United States",1,1,0,0
Basketball,"WEMBANYAMA Victor",France,1,0,1,0
Basketball,"ADEBAYO Bam","United States",1,1,0,0
Basketball,"HOLIDAY Jrue","United States",1,1,0,0
Basketball,"EMBIID Joel","United States",1,1,0,0
Basketball,"TATUM Jayson","United States",1,1,0,0
Basketball,"HALIBURTON Tyrese","United States",1,1,0,0
Basketball,"WHITE Derrick","United States",1,1,0,0
Basketball,"DURANT Kevin","United States",1,1,0,0
Basketball,"GOBERT Rudy",France,1,0,1,0
Basketball,"LESSORT Mathias",France,1,0,1,0
Basketball,"GRAY Chelsea","United States",1,1,0,0
Basketball,"JAMES LeBron","United States",1,1,0,0
Basketball,"EDWARDS Anthony","United States",1,1,0,0
Basketball,"CURRY Stephen","United States",1,1,0,0
Basketball,"WILSON A'ja","United States",1,1,0,0
Basketball,"STEWART Breanna","United States",1,1,0,0
Basketball,"COLLIER Napheesa","United States",1,1,0,0
Basketball,"TAURASI Diana","United States",1,1,0,0
Basketball,"YOUNG Jackie","United States",1,1,0,0
Basketball,"THOMAS Alyssa","United States",1,1,0,0
Basketball,"SMITH Alanna",Australia,1,0,0,1
Basketball,"MAGBEGOR Ezi",Australia,1,0,0,1
Basketball,"TOLO Marianna",Australia,1,0,0,1
Basketball,"GEORGE Cayla",Australia,1,0,0,1
Basketball,"ATWELL Amy",Australia,1,0,0,1
Basketball,"BORLASE Isobel",Australia,1,0,0,1
Basketball,"JACKSON Lauren",Australia,1,0,0,1
Basketball,"WHITCOMB Sami",Australia,1,0,0,1
Basketball,"GRINER Brittney","United States",1,1,0,0
Basketball,"FOURNIER Evan",France,1,0,1,0
Basketball,"FAUTHOUX Marine",France,1,0,1,0
Basketball,"CHERY Alexia",France,1,0,1,0
Basketball,"de COLO Nando",France,1,0,1,0
Basketball,"MILUTINOV Nikola",Serbia,1,0,0,1
Basketball,"MICHEL BOURY Sarah",France,1,0,1,0
Basketball,"AYAYI Valeriane",France,1,0,1,0
Basketball,"RUPERT Iliana",France,1,0,1,0
Basketball,"SALAUN Janelle",France,1,0,1,0
Basketball,"MALONGA Dominique",France,1,0,1,0
Basketball,"WILLIAMS Gabby",France,1,0,1,0
Basketball,"BADIANE Marieme",France,1,0,1,0
Basketball,"JOHANNES Marine",France,1,0,1,0
Basketball,"CORDINIER Isaia",France,1,0,1,0
Basketball,"YABUSELE Guerschon",France,1,0,1,0
Basketball,"ALBICY Andrew",France,1,0,1,0
Basketball,"BATUM Nicolas",France,1,0,1,0
Basketball,"NTILIKINA Frank",France,1,0,1,0
Basketball,"WALLACE Kristy",Australia,1,0,0,1
Basketball,"TALBOT Steph",Australia,1,0,0,1
Basketball,"PLAVSIC Uros",Serbia,1,0,0,1
Basketball,"COULIBALY Bilal",France,1,0,1,0
Basketball,"AVRAMOVIC Aleksa",Serbia,1,0,0,1
Basketball,"DAVIDOVAC Dejan",Serbia,1,0,0,1
Basketball,"GUDURIC Marko",Serbia,1,0,0,1
Basketball,"MICIC Vasilije",Serbia,1,0,0,1
Basketball,"JOKIC Nikola",Serbia,1,0,0,1
Basketball,"DOBRIC Ognjen",Serbia,1,0,0,1
Basketball,"MARINKOVIC Vanja",Serbia,1,0,0,1
Basketball,"BOGDANOVIC Bogdan",Serbia,1,0,0,1
Basketball,"JOVIC Nikola",Serbia,1,0,0,1
Basketball,"MADGEN Tess",Australia,1,0,0,1
Basketball,"PLUM Kelsey","United States",1,1,0,0
Basketball,"LOYD Jewell","United States",1,1,0,0
Basketball,"PETRUSEV Fili",Serbia,1,0,0,1
Basketball,"STRAZEL Matthew",France,1,0,1,0
Basketball,"BOOKER Devin","United States",1,1,0,0
Basketball,"DAVIS Anthony","United States",1,1,0,0
Basketball,"LACAN Leila",France,1,0,1,0
Basketball,"BERNIES Romane",France,1,0,1,0
Basketball,"MELBOURNE Jade",Australia,1,0,0,1
"Beach Volleyball","AHMAN David",Sweden,1,1,0,0
"Beach Volleyball","SOERUM Christian Sandlie",Norway,1,0,0,1
"Beach Volleyball","MOL Anders Berntsen",Norway,1,0,0,1
"Beach Volleyball","WICKLER Clemens",Germany,1,0,1,0
"Beach Volleyball","HUEBERLI Tanja",Switzerland,1,0,0,1
"Beach Volleyball","SANTOS LISBOA Eduarda",Brazil,1,1,0,0
"Beach Volleyball","SILVA RAMOS Ana Patricia",Brazil,1,1,0,0
"Beach Volleyball","HELLVIG Jonatan",Sweden,1,1,0,0
"Beach Volleyball","BRUNNER Nina",Switzerland,1,0,0,1
"Beach Volleyball","EHLERS Nils",Germany,1,0,1,0
"Beach Volleyball","WILKERSON Brandie",Canada,1,0,1,0
"Beach Volleyball","HUMANA-PAREDES Melissa",Canada,1,0,1,0
Boxing,"SZEREMETA Julia",Poland,1,0,1,0
Boxing,"LI Qian",China,1,1,0,0
Boxing,"BYLON Atheyna Bibeichi",Panama,1,0,1,0
Boxing,"WU Shih Yi","Chinese Taipei",1,0,0,1
Boxing,"SOARES FERREIRA Beatriz Iasmin",Brazil,1,0,0,1
Boxing,"ALCANTARA REYES Yunior","Dominican Republic",1,0,0,1
Boxing,"de PINA David","Cabo Verde",1,0,0,1
Boxing,"SANFORD Wyatt",Canada,1,0,0,1
Boxing,"GURULI Lasha",Georgia,1,0,0,1
Boxing,"PINALES Cristian Javier","Dominican Republic",1,0,0,1
Boxing,"LOPEZ CARDONA Arlen",Cuba,1,0,0,1
Boxing,"REYES PLA Enmanuel",Spain,1,0,0,1
Boxing,"BOLTAEV Davlat",Tajikistan,1,0,0,1
Boxing,"PANG Cholmi","DPR Korea",1,0,0,1
Boxing,"IM Aeji",Korea,1,0,0,1
Boxing,"JONES Omari","United States",1,0,0,1
Boxing,"RICHARDSON Lewis","Great Britain",1,0,0,1
Boxing,"KYZAIBAY Nazym",Kazakhstan,1,0,0,1
Boxing,"VILLEGAS Aira",Philippines,1,0,0,1
Boxing,"HARRINGTON Kellie",Ireland,1,1,0,0
Boxing,"YANG Wenlu",China,1,0,1,0
Boxing,"SUWANNAPHENG Janjaem",Thailand,1,0,0,1
Boxing,"CHEN Nien Chin","Chinese Taipei",1,0,0,1
Boxing,"DJANKEU NGAMBA Cindy Winner",EOR,1,0,0,1
Boxing,"TIAFACK Nelvie Raman",Germany,1,0,0,1
Boxing,"ABOUDOU MOINDZE Djamili-Dini",France,1,0,0,1
Boxing,"ALVAREZ BORGES Erislandy",Cuba,1,1,0,0
Boxing,"OUMIHA Sofiane",France,1,0,1,0
Boxing,"KHYZHNIAK Oleksandr",Ukraine,1,1,0,0
Boxing,"ORALBAY Nurbek",Kazakhstan,1,0,1,0
Boxing,"YILDIZ KAHRAMAN Esra",Türkiye,1,0,0,1
Boxing,"PETECIO Nesthy",Philippines,1,0,0,1
Boxing,"DUSMATOV Hasanboy",Uzbekistan,1,1,0,0
Boxing,"BENNAMA Billal",France,1,0,1,0
Boxing,"SENIOR Charlie",Australia,1,0,0,1
Boxing,"IBANEZ DIAZ Javier",Bulgaria,1,0,0,1
Boxing,"CHANG Yuan",China,1,1,0,0
Boxing,"AKBAS Hatice",Türkiye,1,0,1,0
Boxing,"PARKER Caitlin",Australia,1,0,0,1
Boxing,"MUYDINKHUJAEV Asadkhuja",Uzbekistan,1,1,0,0
Boxing,"VERDE ALVAREZ Marco Alonso",Mexico,1,0,1,0
Boxing,"MULLOJONOV Lazizbek",Uzbekistan,1,1,0,0
Boxing,"ALFONSO DOMINGUEZ Loren Berto",Azerbaijan,1,0,1,0
Boxing,"WU Yu",China,1,1,0,0
Boxing,"CAKIROGLU Buse Naz",Türkiye,1,0,1,0
Boxing,"KHELIF Imane",Algeria,1,1,0,0
Boxing,"YANG Liu",China,1,0,1,0
Boxing,"JALOLOV Bakhodir",Uzbekistan,1,1,0,0
Boxing,"GHADFA DRISSI EL AISSAOUI Ayoub",Spain,1,0,1,0
Boxing,"KHALOKOV Abdumalik",Uzbekistan,1,1,0,0
Boxing,"SEIITBEK UULU Munarbek",Kyrgyzstan,1,0,1,0
Boxing,"LIN Yu Ting","Chinese Taipei",1,1,0,0
Breaking,671,China,1,0,0,1
Breaking,NICKA,Lithuania,1,0,1,0
Breaking,"DANY DANN",France,1,0,1,0
Breaking,"PHIL WIZARD",Canada,1,1,0,0
Breaking,VICTOR,"United States",1,0,0,1
Breaking,AMI,Japan,1,1,0,0
"Canoe Slalom","WOODS Kimberley","Great Britain",2,0,0,2
"Canoe Slalom","FOX Jessica",Australia,2,2,0,0
"Canoe Slalom","BUTCHER Finn","New Zealand",1,1,0,0
"Canoe Slalom","CLARKE Joseph","Great Britain",1,0,1,0
"Canoe Slalom","GESTIN Nicolas",France,1,1,0,0
"Canoe Slalom","ZWOLINSKA Klaudia",Poland,1,0,1,0
"Canoe Slalom","BURGESS Adam","Great Britain",1,0,1,0
"Canoe Slalom","HUG Angele",France,1,0,1,0
"Canoe Slalom","FOX Noemie",Australia,1,1,0,0
"Canoe Slalom","HEGGE Noah",Germany,1,0,0,1
"Canoe Slalom","BENUS Matej",Slovakia,1,0,0,1
"Canoe Slalom","ECHANIZ Pau",Spain,1,0,0,1
"Canoe Slalom","CASTRYCK Titouan",France,1,0,1,0
"Canoe Slalom","de GENNARO Giovanni",Italy,1,1,0,0
"Canoe Slalom","LILIK Elena",Germany,1,0,1,0
"Canoe Slalom","LEIBFARTH Evy","United States",1,0,0,1
"Canoe Sprint","CARRINGTON Lisa","New Zealand",2,2,0,0
"Canoe Sprint","CSIPES Tamara",Hungary,2,0,1,1
"Canoe Sprint","SCHOPF Jacob",Germany,1,1,0,0
"Canoe Sprint","LIEBSCHER-LUCZ Tom",Germany,1,1,0,0
"Canoe Sprint","FITZSIMMONS Riley",Australia,1,0,1,0
"Canoe Sprint","van der WESTHUYZEN Pierre",Australia,1,0,1,0
"Canoe Sprint","COLLINS Jackson",Australia,1,0,1,0
"Canoe Sprint","HAVARD Noah",Australia,1,0,1,0
"Canoe Sprint","CRAVIOTTO Saul",Spain,1,0,0,1
"Canoe Sprint","RENDSCHMIDT Max",Germany,1,1,0,0
"Canoe Sprint","DOSTAL Josef",Czechia,1,1,0,0
"Canoe Sprint","TARNOVSCHI Serghei","Republic of Moldova",1,0,0,1
"Canoe Sprint","VARGA Adam",Hungary,1,0,1,0
"Canoe Sprint","KOPASZ Balint",Hungary,1,0,0,1
"Canoe Sprint","JORGENSEN Emma Aastrand",Denmark,1,0,0,1
"Canoe Sprint","CIRILO DUBOYS Yarisleidis",Cuba,1,0,0,1
"Canoe Sprint","HARRISON Nevin","United States",1,0,1,0
"Canoe Sprint","LEMKE Max",Germany,1,1,0,0
"Canoe Sprint","HOSKIN Alicia","New Zealand",1,1,0,0
"Canoe Sprint","VINCENT Katie",Canada,1,1,0,0
"Canoe Sprint","AREVALO Carlos",Spain,1,0,0,1
"Canoe Sprint","FUKSA Martin",Czechia,1,1,0,0
"Canoe Sprint","PASZEK Paulina",Germany,1,0,1,0
"Canoe Sprint","COOPER Marcus",Spain,1,0,0,1
"Canoe Sprint","GERMADE Rodrigo",Spain,1,0,0,1
"Canoe Sprint","BRETT Olivia","New Zealand",1,1,0,0
"Canoe Sprint","VAUGHAN Tara","New Zealand",1,1,0,0
"Canoe Sprint","QUEIROZ Isaquias",Brazil,1,0,1,0
"Canoe Sprint","HAKE Jule Marie",Germany,1,0,1,0
"Canoe Sprint","JAGSCH Pauline",Germany,1,0,1,0
"Canoe Sprint","BRUESSLER Sarah",Germany,1,0,1,0
"Canoe Sprint","PUPP Noemi",Hungary,1,0,0,1
"Canoe Sprint","FOJT Sara",Hungary,1,0,0,1
"Canoe Sprint","GAZSO Alida Dora",Hungary,1,0,0,1
"Cycling BMX Freestyle","DIEHM Natalya",Australia,1,0,0,1
"Cycling BMX Freestyle","BENEGAS Perris","United States",1,0,1,0
"Cycling BMX Freestyle","REILLY Kieran Darren David","Great Britain",1,0,1,0
"Cycling BMX Freestyle","TORRES GIL Jose",Argentina,1,1,0,0
"Cycling BMX Freestyle","JEANJEAN Anthony",France,1,0,0,1
"Cycling BMX Freestyle","DENG Yawen",China,1,1,0,0
"Cycling BMX Racing","SAKAKIBARA Saya",Australia,1,1,0,0
"Cycling BMX Racing","VEENSTRA Manon",Netherlands,1,0,1,0
"Cycling BMX Racing","CLAESSENS Zoe",Switzerland,1,0,0,1
"Cycling BMX Racing","DAUDET Joris",France,1,1,0,0
"Cycling BMX Racing","ANDRE Sylvain",France,1,0,1,0
"Cycling BMX Racing","MAHIEU Romain",France,1,0,0,1
"Cycling Mountain Bike","FERRAND PREVOT Pauline",France,1,1,0,0
"Cycling Mountain Bike","KORETZKY Victor",France,1,0,1,0
"Cycling Mountain Bike","PIDCOCK Thomas","Great Britain",1,1,0,0
"Cycling Mountain Bike","RISSVEDS Jenny",Sweden,1,0,0,1
"Cycling Mountain Bike","HATHERLY Alan","South Africa",1,0,0,1
"Cycling Mountain Bike","BATTEN Haley","United States",1,0,1,0
"Cycling Road","EVENEPOEL Remco",Belgium,2,2,0,0
"Cycling Road","KOPECKY Lotte",Belgium,1,0,0,1
"Cycling Road","HENDERSON Anna","Great Britain",1,0,1,0
"Cycling Road","FAULKNER Kristen","United States",1,1,0,0
"Cycling Road","BROWN Grace",Australia,1,1,0,0
"Cycling Road","LAPORTE Christophe",France,1,0,0,1
"Cycling Road","MADOUAS Valentin",France,1,0,1,0
"Cycling Road","DYGERT Chloe","United States",1,0,0,1
"Cycling Road","GANNA Filippo",Italy,1,0,1,0
"Cycling Road","van AERT Wout",Belgium,1,0,0,1
"Cycling Road","VOS Marianne",Netherlands,1,0,1,0
"Cycling Track","LAVREYSEN Harrie",Netherlands,3,3,0,0
"Cycling Track","ANDREWS Ellesse","New Zealand",3,2,1,0
"Cycling Track","RICHARDSON Matthew",Australia,3,0,2,1
"Cycling Track","FINUCANE Emma","Great Britain",3,1,0,2
"Cycling Track","GLAETZER Matthew",Australia,2,0,0,2
"Cycling Track","CARLIN Jack","Great Britain",2,0,1,1
"Cycling Track","FRIEDRICH Lea",Germany,2,0,1,1
"Cycling Track","WOLLASTON Ally","New Zealand",2,0,1,1
"Cycling Track","BARKER Elinor","Great Britain",2,0,1,1
"Cycling Track","VALENTE Jennifer","United States",2,2,0,0
"Cycling Track","CONSONNI Simone",Italy,2,0,1,1
"Cycling Track","LEITAO Iuri",Portugal,2,1,1,0
"Cycling Track","EVANS Neah","Great Britain",2,0,1,1
"Cycling Track","ROBERTS Jessica","Great Britain",1,0,0,1
"Cycling Track","MORRIS Anna","Great Britain",1,0,0,1
"Cycling Track","KNIGHT Josie","Great Britain",1,0,0,1
"Cycling Track","THOMAS Benjamin",France,1,1,0,0
"Cycling Track","van den BOSSCHE Fabio",Belgium,1,0,0,1
"Cycling Track","DONNELLY Samantha","New Zealand",1,0,1,0
"Cycling Track","SHIELDS Nicole","New Zealand",1,0,1,0
"Cycling Track","SHEARMAN Emily","New Zealand",1,0,1,0
"Cycling Track","BOTHA Bryony","New Zealand",1,0,1,0
"Cycling Track","DYGERT Chloe","United States",1,1,0,0
"Cycling Track","WILLIAMS Lily","United States",1,1,0,0
"Cycling Track","FAULKNER Kristen","United States",1,1,0,0
"Cycling Track","EHRLICH Emily","United States",1,1,0,0
"Cycling Track","CUMMINS Olivia","United States",1,1,0,0
"Cycling Track","MORO Manlio",Italy,1,0,0,1
"Cycling Track","MILAN Jonathan",Italy,1,0,0,1
"Cycling Track","LAMON Francesco",Italy,1,0,0,1
"Cycling Track","GANNA Filippo",Italy,1,0,0,1
"Cycling Track","van de WOUW Hetty",Netherlands,1,0,1,0
"Cycling Track","STEWART Mark","Great Britain",1,0,1,0
"Cycling Track","HAYTER Ethan","Great Britain",1,0,1,0
"Cycling Track","TANFIELD Charlie","Great Britain",1,0,1,0
"Cycling Track","BIGHAM Daniel","Great Britain",1,0,1,0
"Cycling Track","WOOD Oliver","Great Britain",1,0,1,0
"Cycling Track","VERNON Ethan","Great Britain",1,0,1,0
"Cycling Track","MORIARTY James",Australia,1,1,0,0
"Cycling Track","LEAHY Conor",Australia,1,1,0,0
"Cycling Track","WELSFORD Sam",Australia,1,1,0,0
"Cycling Track","O'BRIEN Kelland",Australia,1,1,0,0
"Cycling Track","BLEDDYN Oliver",Australia,1,1,0,0
"Cycling Track","CAPEWELL Sophie","Great Britain",1,1,0,0
"Cycling Track","PIKULIK Daria",Poland,1,0,1,0
"Cycling Track","MARCHANT Katy","Great Britain",1,1,0,0
"Cycling Track","MOERKOEV Michael",Denmark,1,0,0,1
"Cycling Track","VIVIANI Elia",Italy,1,0,1,0
"Cycling Track","OLIVEIRA Rui",Portugal,1,1,0,0
"Cycling Track","van der DUIN Maike",Netherlands,1,0,0,1
"Cycling Track","LARSEN Niklas",Denmark,1,0,0,1
"Cycling Track","van BELLE Lisa",Netherlands,1,0,0,1
"Cycling Track","CONSONNI Chiara",Italy,1,1,0,0
"Cycling Track","GUAZZINI Vittoria",Italy,1,1,0,0
"Cycling Track","BARKER Megan","Great Britain",1,0,0,1
"Cycling Track","CORNISH Thomas",Australia,1,0,0,1
"Cycling Track","HOFFMAN Leigh",Australia,1,0,0,1
"Cycling Track","TRUMAN Joseph","Great Britain",1,0,1,0
"Cycling Track","LOWE Ed","Great Britain",1,0,1,0
"Cycling Track","TURNBULL Hamish","Great Britain",1,0,1,0
"Cycling Track","van LOON Tijmen",Netherlands,1,1,0,0
"Cycling Track","HOOGLAND Jeffrey",Netherlands,1,1,0,0
"Cycling Track","van den BERG Roy",Netherlands,1,1,0,0
"Cycling Track","PROEPSTER Alessa",Germany,1,0,0,1
"Cycling Track","GRABOSCH Pauline",Germany,1,0,0,1
"Cycling Track","HINZE Emma",Germany,1,0,0,1
"Cycling Track","KING Olivia","New Zealand",1,0,1,0
"Cycling Track","FULTON Shaane","New Zealand",1,0,1,0
"Cycling Track","PETCH Rebecca","New Zealand",1,0,1,0
"Cycling Track","THOMAS Lowri","Great Britain",1,1,0,0
Diving,"CHEN Yiwen",China,2,2,0,0
Diving,"QUAN Hongchan",China,2,2,0,0
Diving,"WILLIAMS Noah","Great Britain",2,0,1,1
Diving,"CHEN Yuxi",China,2,1,1,0
Diving,"WANG Zongyuan",China,2,1,1,0
Diving,"KIM Mi Rae","DPR Korea",2,0,1,1
Diving,"CHANG Yani",China,2,1,0,1
Diving,"OLVERA IBARRA Osmar",Mexico,2,0,1,1
Diving,"LIAN Junjie",China,1,1,0,0
Diving,"TAMAI Rikuto",Japan,1,0,1,0
Diving,"CAO Yuan",China,1,1,0,0
Diving,"BACON Sarah","United States",1,0,1,0
Diving,"COOK Kassidy","United States",1,0,1,0
Diving,"HARPER Yasmin","Great Britain",1,0,0,1
Diving,"MEW JENSEN Scarlett","Great Britain",1,0,0,1
Diving,"LONG Daoyi",China,1,1,0,0
Diving,"CELAYA HERNANDEZ Juan Manuel",Mexico,1,0,1,0
Diving,"YANG Hao",China,1,1,0,0
Diving,"DALEY Thomas","Great Britain",1,0,1,0
Diving,"WIENS Rylan",Canada,1,0,0,1
Diving,"ZSOMBOR-MURRAY Nathan",Canada,1,0,0,1
Diving,"JO Jin Mi","DPR Korea",1,0,1,0
Diving,"SPENDOLINI SIRIEIX Andrea","Great Britain",1,0,0,1
Diving,"HARDING Anthony","Great Britain",1,0,0,1
Diving,"KEENEY Maddison",Australia,1,0,1,0
Diving,"TOULSON Lois","Great Britain",1,0,0,1
Diving,"XIE Siyi",China,1,1,0,0
Diving,"LAUGHER Jack","Great Britain",1,0,0,1
Equestrian,"COLLETT Laura","Great Britain",2,1,0,1
Equestrian,"FRY Charlotte","Great Britain",2,0,0,2
Equestrian,"WERTH Isabell",Germany,2,1,1,0
Equestrian,"von BREDOW-WERNDL Jessica",Germany,2,2,0,0
Equestrian,"TOMOTO Kazuma",Japan,1,0,0,1
Equestrian,"van der VLEUTEN Maikel",Netherlands,1,0,0,1
Equestrian,"GUERDAT Steve",Switzerland,1,0,1,0
Equestrian,"WARD McLain","United States",1,0,1,0
Equestrian,"BRASH Scott","Great Britain",1,1,0,0
Equestrian,"CHARLES Harry","Great Britain",1,1,0,0
Equestrian,"MAHER Ben","Great Britain",1,1,0,0
Equestrian,"KUKUK Christian",Germany,1,1,0,0
Equestrian,"LAUDRUP-DUFOUR Cathrine",Denmark,1,0,1,0
Equestrian,"WANDRES Frederic",Germany,1,1,0,0
Equestrian,"SKODBORG MERRALD Nanna",Denmark,1,0,1,0
Equestrian,"SLOTH Nadja Aaboe",Denmark,1,0,1,0
Equestrian,"HESTER Carl","Great Britain",1,0,0,1
Equestrian,"MOODY Becky","Great Britain",1,0,0,1
Equestrian,"ROTHENBERGER Soenke",Germany,1,1,0,0
Equestrian,"BACHMANN ANDERSEN Daniel",Denmark,1,0,1,0
Equestrian,"GOULD Andrew","Great Britain",1,0,0,1
Equestrian,"STOCKDALE Joseph","Great Britain",1,1,0,0
Equestrian,"FARRINGTON Kent","United States",1,0,1,0
Equestrian,"KRAUT Laura","United States",1,0,1,0
Equestrian,"COOK Karl","United States",1,0,1,0
Equestrian,Unknown,France,1,0,0,1
Equestrian,"BURTON Christopher",Australia,1,0,1,0
Equestrian,"JUNG Michael",Germany,1,1,0,0
Equestrian,"TANAKA Toshiyuki",Japan,1,0,0,1
Equestrian,"OIWA Yoshiaki",Japan,1,0,0,1
Equestrian,"KITAJIMA Ryuzo",Japan,1,0,0,1
Equestrian,"le COZ Gireg",France,1,0,1,0
Equestrian,"TOUZAINT Nicolas",France,1,0,1,0
Equestrian,"LANDOIS Stephane",France,1,0,1,0
Equestrian,"LAGHOUAG Karim Florent",France,1,0,1,0
Equestrian,"INGHAM Yasmin","Great Britain",1,1,0,0
Equestrian,"CANTER Rosalind","Great Britain",1,1,0,0
Equestrian,"McEWEN Tom","Great Britain",1,1,0,0
Equestrian,"DELESTRE Simon",France,1,0,0,1
Equestrian,"EPAILLARD Julien",France,1,0,0,1
Equestrian,"PERREAU Olivier",France,1,0,0,1
Fencing,"KHARLAN Olga",Ukraine,2,1,0,1
Fencing,"KIEFER Lee","United States",2,2,0,0
Fencing,"SCRUGGS Lauren","United States",2,1,1,0
Fencing,"OH Sanguk",Korea,2,2,0,0
Fencing,"KANO Koki",Japan,2,1,1,0
Fencing,"MALLO-BRETON Auriane",France,2,0,2,0
Fencing,"MACCHI Filippo",Italy,2,0,2,0
Fencing,"KOCH Mate Tamas",Hungary,1,1,0,0
Fencing,"SIKLOSI Gergely",Hungary,1,1,0,0
Fencing,"MUHARI Eszter",Hungary,1,0,0,1
Fencing,"BOREL Yannick",France,1,0,1,0
Fencing,"ELSAYED Mohamed",Egypt,1,0,0,1
Fencing,"HARVEY Eleanor",Canada,1,0,0,1
Fencing,"APITHY Bolade",France,1,0,0,1
Fencing,"ITKIN Nick","United States",1,0,0,1
Fencing,"APITHY-BRUNET Manon",France,1,1,0,0
Fencing,"BALZER Sara",France,1,0,1,0
Fencing,"KONG Man Wai Vivian","Hong Kong, China",1,1,0,0
Fencing,"SAMELE Luigi",Italy,1,0,0,1
Fencing,"FERJANI Fares",Tunisia,1,0,1,0
Fencing,"CHEUNG Ka Long","Hong Kong, China",1,1,0,0
Fencing,"FIAMINGO Rossella",Italy,1,1,0,0
Fencing,"RIZZI Giulia",Italy,1,1,0,0
Fencing,"SANTUCCIO Alberta",Italy,1,1,0,0
Fencing,"NAVARRIA Mara",Italy,1,1,0,0
Fencing,"VITALIS Coraline",France,1,0,1,0
Fencing,"CANDASSAMY Marie-Florence",France,1,0,1,0
Fencing,"KOMASHCHUK Alina",Ukraine,1,1,0,0
Fencing,"LOUIS-MARIE Alexandra",France,1,0,1,0
Fencing,"KNAPIK-MIAZGA Renata",Poland,1,0,0,1
Fencing,"SWATOWSKA-WENGLARCZYK Martyna",Poland,1,0,0,1
Fencing,"JARECKA Aleksandra",Poland,1,0,0,1
Fencing,"CHASTANET Maximilien",France,1,0,0,1
Fencing,"MERTINE Julien",France,1,0,0,1
Fencing,"PAUTY Maxime",France,1,0,0,1
Fencing,"LEFORT Enzo",France,1,0,0,1
Fencing,"ANDRASFI Tibor",Hungary,1,1,0,0
Fencing,"NAGY David",Hungary,1,1,0,0
Fencing,"KIKUCHI Komaki",Japan,1,0,0,1
Fencing,"MIYAWAKI Karin",Japan,1,0,0,1
Fencing,"UENO Yuka",Japan,1,0,0,1
Fencing,"AZUMA Sera",Japan,1,0,0,1
Fencing,"PALUMBO Francesca",Italy,1,0,1,0
Fencing,"VOLPI Alice",Italy,1,0,1,0
Fencing,"KLASIK Alicja",Poland,1,0,0,1
Fencing,"ERRIGO Arianna",Italy,1,0,1,0
Fencing,"WEINTRAUB Maia Mei","United States",1,1,0,0
Fencing,"DUBROVICH Jacqueline","United States",1,1,0,0
Fencing,"MINOBE Kazuyasu",Japan,1,0,1,0
Fencing,"YAMADA Masaru",Japan,1,0,1,0
Fencing,"KOMATA Akira",Japan,1,0,1,0
Fencing,"BERAN Jiri",Czechia,1,0,0,1
Fencing,"JURKA Jakub",Czechia,1,0,0,1
Fencing,"FOCONI Alessio",Italy,1,0,1,0
Fencing,"MARINI Tommaso",Italy,1,0,1,0
Fencing,"BIANCHI Guillaume",Italy,1,0,1,0
Fencing,"NAGANO Yudai",Japan,1,1,0,0
Fencing,"SHIKINE Takahiro",Japan,1,1,0,0
Fencing,"PATRICE Jean-Philippe",France,1,0,0,1
Fencing,"PATRICE Sebastien",France,1,0,0,1
Fencing,"PIANFETTI Maxime",France,1,0,0,1
Fencing,"IIMURA Kazuki",Japan,1,1,0,0
Fencing,"MATSUYAMA Kyosuke",Japan,1,1,0,0
Fencing,"OZAKI Seri",Japan,1,0,0,1
Fencing,"FUKUSHIMA Shihomi",Japan,1,0,0,1
Fencing,"TAKASHIMA Risa",Japan,1,0,0,1
Fencing,"RUBES Martin",Czechia,1,0,0,1
Fencing,"CUPR Michal",Czechia,1,0,0,1
Fencing,"EMURA Misaki",Japan,1,0,0,1
Fencing,"JEON Eunhye",Korea,1,0,1,0
Fencing,"CHOI Sebin",Korea,1,0,1,0
Fencing,"JEON Hayoung",Korea,1,0,1,0
Fencing,"YOON Jisu",Korea,1,0,1,0
Fencing,"BAKASTOVA Yuliia",Ukraine,1,1,0,0
Fencing,"KRAVATSKA Olena",Ukraine,1,1,0,0
Fencing,"GU Bongil",Korea,1,1,0,0
Fencing,"PARK Sangwon",Korea,1,1,0,0
Fencing,"DO Gyeongdong",Korea,1,1,0,0
Fencing,"GEMESI Csanad",Hungary,1,0,1,0
Fencing,"SZILAGYI Aron",Hungary,1,0,1,0
Fencing,"SZATMARI Andras",Hungary,1,0,1,0
Fencing,"RABB Krisztian",Hungary,1,0,1,0
Fencing,"FAVARETTO Martina",Italy,1,0,1,0
Football,"ITURBE Alejandro",Spain,1,1,0,0
Football,"NKAMBADIO Obed",France,1,0,1,0
Football,"LUKEBA Castello",France,1,0,1,0
Football,"TRUFFERT Adrien",France,1,0,1,0
Football,"BADE Loic",France,1,0,1,0
Football,"SILDILLIA Kiliann",France,1,0,1,0
Football,"KONE Manu",France,1,0,1,0
Football,"OLISE Michael",France,1,0,1,0
Football,"AKLIOUCHE Maghnes",France,1,0,1,0
Football,"KALIMUENDO Arnaud",France,1,0,1,0
Football,"LACAZETTE Alexandre",France,1,0,1,0
Football,"DOUE Desire",France,1,0,1,0
Football,"MILLOT Enzo",France,1,0,1,0
Football,"CHOTARD Joris",France,1,0,1,0
Football,"MATETA Jean-Philippe",France,1,0,1,0
Football,"LOCKO Bradley",France,1,0,1,0
Football,"RESTES Guillaume",France,1,0,1,0
Football,"MAGASSA Soungoutou",France,1,0,1,0
Football,"CHERKI Rayan",France,1,0,1,0
Football,"MATSIMA Chrislain",France,1,0,1,0
Football,"DIOUF Andy",France,1,0,1,0
Football,"LEPENANT Johann",France,1,0,1,0
Football,"FROHMS Merle",Germany,1,0,0,1
Football,"LINDER Sarai",Germany,1,0,0,1
Football,"HENDRICH Kathrin",Germany,1,0,0,1
Football,"SCHULZE SOLANO Bibiane",Germany,1,0,0,1
Football,"HEGERING Marina",Germany,1,0,0,1
Football,"MINGE Janina",Germany,1,0,0,1
Football,"SCHUELLER Lea",Germany,1,0,0,1
Football,"LOHMANN Sydney",Germany,1,0,0,1
Football,"NUESKEN Sjoeke",Germany,1,0,0,1
Football,"FREIGANG Laura",Germany,1,0,0,1
Football,"POPP Alexandra",Germany,1,0,0,1
Football,"BERGER Ann-Katrin",Germany,1,0,0,1
Football,"DOORSOUN Sara",Germany,1,0,0,1
Football,"SENSS Elisa",Germany,1,0,0,1
Football,"GWINN Giulia",Germany,1,0,0,1
Football,"BRAND Jule",Germany,1,0,0,1
Football,"BUEHL Klara",Germany,1,0,0,1
Football,"ENDEMANN Vivien",Germany,1,0,0,1
Football,"RAUCH Felicitas",Germany,1,0,0,1
Football,"ANYOMI Nicole",Germany,1,0,0,1
Football,"NAEHER Alyssa","United States",1,1,0,0
Football,"FOX Emily","United States",1,1,0,0
Football,"ALBERT Korbin","United States",1,1,0,0
Football,"GIRMA Naomi","United States",1,1,0,0
Football,"RODMAN Trinity","United States",1,1,0,0
Football,"KRUEGER Casey","United States",1,1,0,0
Football,"DUNN Crystal","United States",1,1,0,0
Football,"WILLIAMS Lynn","United States",1,1,0,0
Football,"SWANSON Mallory","United States",1,1,0,0
Football,"HORAN Lindsey","United States",1,1,0,0
Football,"SMITH Sophia","United States",1,1,0,0
Football,"DAVIDSON Tierna","United States",1,1,0,0
Football,"NIGHSWONGER Jenna","United States",1,1,0,0
Football,"SONNETT Emily","United States",1,1,0,0
Football,"SHAW Jaedyn","United States",1,1,0,0
Football,"LAVELLE Rose","United States",1,1,0,0
Football,"COFFEY Samantha","United States",1,1,0,0
Football,"MURPHY Casey","United States",1,1,0,0
Football,"BETHUNE Croix","United States",1,1,0,0
Football,"SAMS Emily","United States",1,1,0,0
Football,LORENA,Brazil,1,0,1,0
Football,ANTONIA,Brazil,1,0,1,0
Football,TARCIANE,Brazil,1,0,1,0
Football,"DUDA SAMPAIO",Brazil,1,0,1,0
Football,TAMIRES,Brazil,1,0,1,0
Football,KEROLIN,Brazil,1,0,1,0
Football,"VITORIA YAYA",Brazil,1,0,1,0
Football,ADRIANA,Brazil,1,0,1,0
Football,MARTA,Brazil,1,0,1,0
Football,JHENIFFER,Brazil,1,0,1,0
Football,TAINA,Brazil,1,0,1,0
Football,YASMIM,Brazil,1,0,1,0
Football,LUDMILA,Brazil,1,0,1,0
Football,THAIS,Brazil,1,0,1,0
Football,"GABI NUNES",Brazil,1,0,1,0
Football,"ANA VITORIA",Brazil,1,0,1,0
Football,"GABI PORTILHO",Brazil,1,0,1,0
Football,PRISCILA,Brazil,1,0,1,0
Football,ANGELINA,Brazil,1,0,1,0
Football,LAUREN,Brazil,1,0,1,0
Football,LUCIANA,Brazil,1,0,1,0
Football,RAFAELLE,Brazil,1,0,1,0
Football,"EL KAJOUI Munir",Morocco,1,0,0,1
Football,"HAKIMI Achraf",Morocco,1,0,0,1
Football,"NAKACH Akram",Morocco,1,0,0,1
Football,"BOUKAMIR Mehdi",Morocco,1,0,0,1
Football,"TAHIF Adil",Morocco,1,0,0,1
Football,"BOUCHOUARI Benjamin",Morocco,1,0,0,1
Football,"BEN SEGHIR Eliesse",Morocco,1,0,0,1
Football,"EL KHANNOUSS Bilal",Morocco,1,0,0,1
Football,"RAHIMI Soufiane",Morocco,1,0,0,1
Football,"AKHOMACH Ilias",Morocco,1,0,0,1
Football,"EL OUAHDI Zakaria",Morocco,1,0,0,1
Football,"GHANIMI Rachid",Morocco,1,0,0,1
Football,"KECHTA Yassine",Morocco,1,0,0,1
Football,"TARGHALLINE Oussama",Morocco,1,0,0,1
Football,"MAOUHOUB Mehdi",Morocco,1,0,0,1
Football,"EZZALZOULI Abde",Morocco,1,0,0,1
Football,"EL AZZOUZI Oussama",Morocco,1,0,0,1
Football,"RICHARDSON Amir",Morocco,1,0,0,1
Football,"MANAOUT Haytam",Morocco,1,0,0,1
Football,"TENAS Arnau",Spain,1,1,0,0
Football,"PUBILL Marc",Spain,1,1,0,0
Football,"MIRANDA Juan",Spain,1,1,0,0
Football,"GARCIA Eric",Spain,1,1,0,0
Football,"CUBARSI Pau",Spain,1,1,0,0
Football,"BARRIOS Pablo",Spain,1,1,0,0
Football,"LOPEZ Diego",Spain,1,1,0,0
Football,"TURRIENTES Benat",Spain,1,1,0,0
Football,"RUIZ Abel",Spain,1,1,0,0
Football,"BAENA Alex",Spain,1,1,0,0
Football,"LOPEZ Fermin",Spain,1,1,0,0
Football,"PACHECO Jon",Spain,1,1,0,0
Football,"GARCIA Joan",Spain,1,1,0,0
Football,"OROZ Aimar",Spain,1,1,0,0
Football,"GUTIERREZ Miguel",Spain,1,1,0,0
Football,"BERNABE Adrian",Spain,1,1,0,0
Football,"GOMEZ Sergio",Spain,1,1,0,0
Football,"OMORODION Samu",Spain,1,1,0,0
Football,"MOSQUERA Cristhian",Spain,1,1,0,0
Football,"SANCHEZ Juanlu",Spain,1,1,0,0
Football,"CAMELLO Sergio",Spain,1,1,0,0
Golf,"LIN Xiyu Janet",China,1,0,0,1
Golf,"KO Lydia","New Zealand",1,1,0,0
Golf,"HENSELEIT Esther",Germany,1,0,1,0
Golf,"SCHEFFLER Scottie","United States",1,1,0,0
Golf,"FLEETWOOD Tommy","Great Britain",1,0,1,0
Golf,"MATSUYAMA Hideki",Japan,1,0,0,1
Handball,"STEINERT Christoph",Germany,1,0,1,0
Handball,"SOLBERG-OESTHASSEL Silje",Norway,1,1,0,0
Handball,"GRGIC Marko",Germany,1,0,1,0
Handball,"OFTEDAL Stine Bredal",Norway,1,1,0,0
Handball,"MOERK Nora",Norway,1,1,0,0
Handball,"SKOGRAND Stine",Norway,1,1,0,0
Handball,"AARDAHL Maren",Norway,1,1,0,0
Handball,"KRISTIANSEN Veronica",Norway,1,1,0,0
Handball,"SERDIO Abel",Spain,1,0,0,1
Handball,"ODRIOZOLA Kauldi",Spain,1,0,0,1
Handball,"KOHLBACHER Jannik",Germany,1,0,1,0
Handball,"PEREZ de VARGAS Gonzalo",Spain,1,0,0,1
Handball,"FERNANDEZ Daniel",Spain,1,0,0,1
Handball,"GOMEZ Aleix",Spain,1,0,0,1
Handball,"SANCHEZ-MIGALLON Miguel",Spain,1,0,0,1
Handball,"MAQUEDA Jorge",Spain,1,0,0,1
Handball,"DUJSHEBAEV Alex",Spain,1,0,0,1
Handball,"DUJSHEBAEV Daniel",Spain,1,0,0,1
Handball,"CASADO Agustin",Spain,1,0,0,1
Handball,"CORRALES Rodrigo",Spain,1,0,0,1
Handball,"TARRAFETA Ian",Spain,1,0,0,1
Handball,"FIGUERAS Adrian",Spain,1,0,0,1
Handball,"ELVER Helena",Denmark,1,0,0,1
Handball,"RODRIGUEZ Javier",Spain,1,0,0,1
Handball,"GARCIANDIA Imanol",Spain,1,0,0,1
Handball,"WOLFF Andreas",Germany,1,0,1,0
Handball,"HORNKE Tim",Germany,1,0,1,0
Handball,"HAEFNER Kai",Germany,1,0,1,0
Handball,"USCINS Renars",Germany,1,0,1,0
Handball,"KOESTER Julian",Germany,1,0,1,0
Handball,"KNORR Juri",Germany,1,0,1,0
Handball,"FISCHER Justus",Germany,1,0,1,0
Handball,"HEYMANN Sebastian",Germany,1,0,1,0
Handball,"WITZKE Luca",Germany,1,0,1,0
Handball,"GOLLA Johannes",Germany,1,0,1,0
Handball,"SPAETH David",Germany,1,0,1,0
Handball,"PYTLICK Simon",Denmark,1,1,0,0
Handball,"ARNOLDSEN Thomas",Denmark,1,1,0,0
Handball,"HALD Simon",Denmark,1,1,0,0
Handball,"ANDERSSON Lasse",Denmark,1,1,0,0
Handball,"JOERGENSEN Lukas",Denmark,1,1,0,0
Handball,"HANSEN Mikkel",Denmark,1,1,0,0
Handball,"MOELLGAARD Henrik",Denmark,1,1,0,0
Handball,"GIDSEL Mathias",Denmark,1,1,0,0
Handball,"LINDBERG Hans",Denmark,1,1,0,0
Handball,"SAUGSTRUP Magnus",Denmark,1,1,0,0
Handball,"NIELSEN Emil",Denmark,1,1,0,0
Handball,"LAUGE Rasmus",Denmark,1,1,0,0
Handball,"JAKOBSEN Emil",Denmark,1,1,0,0
Handball,"JACOBSEN Magnus Landin",Denmark,1,1,0,0
Handball,"DAHMKE Rune",Germany,1,0,1,0
Handball,"MERTENS Lukas",Germany,1,0,1,0
Handball,"BRATTSET DALE Kari",Norway,1,1,0,0
Handball,"KIRKELOEKKE Niclas",Denmark,1,1,0,0
Handball,"JACOBSEN Niklas Landin",Denmark,1,1,0,0
Handball,"MOELLER Michala",Denmark,1,0,0,1
Handball,"IVERSEN Rikke",Denmark,1,0,0,1
Handball,"FRIIS Emma",Denmark,1,0,0,1
Handball,"HOEJLUND Mie",Denmark,1,0,0,1
Handball,"VINTER BURGAARD Louise",Denmark,1,0,0,1
Handball,"OESTERGAARD Trine",Denmark,1,0,0,1
Handball,"JOERGENSEN Kristina",Denmark,1,0,0,1
Handball,"TRANBORG Mette",Denmark,1,0,0,1
Handball,"REINHARDT Althea",Denmark,1,0,0,1
Handball,"HAUGSTED Line",Denmark,1,0,0,1
Handball,"HEINDAHL Kathrine",Denmark,1,0,0,1
Handball,"HANSEN Anne Mette",Denmark,1,0,0,1
Handball,"AABERG IVERSEN Sarah",Denmark,1,0,0,1
Handball,"TOFT Sandra",Denmark,1,0,0,1
Handball,"SAKO Hatadou",France,1,0,1,0
Handball,"GRANDVEAU Lena",France,1,0,1,0
Handball,"BOUKTIT Sarah",France,1,0,1,0
Handball,"GRANIER Lucie",France,1,0,1,0
Handball,"ONDONO Onacia",France,1,0,1,0
Handball,"NZE MINKO Estelle",France,1,0,1,0
Handball,"FOPPA Pauletta",France,1,0,1,0
Handball,"HORACEK Tamara",France,1,0,1,0
Handball,"KANOR Orlane",France,1,0,1,0
Handball,"FLIPPES Laura",France,1,0,1,0
Handball,"DARLEUX MINGAM Cleopatre",France,1,0,1,0
Handball,"ZAADI DEUNA Grace",France,1,0,1,0
Handball,"LASSOURCE Coralie",France,1,0,1,0
Handball,"VALENTINI Chloe",France,1,0,1,0
Handball,"TOUBLANC Alicia",France,1,0,1,0
Handball,"NOCANDY Meline",France,1,0,1,0
Handball,"GLAUSER Laura",France,1,0,1,0
Handball,"RUSHFELDT DEILA Thale",Norway,1,1,0,0
Handball,"REISTAD Henny",Norway,1,1,0,0
Handball,"SOLBERG-ISAKSEN Sanna",Norway,1,1,0,0
Handball,"HERREM Camilla",Norway,1,1,0,0
Handball,"JACOBSEN Marit",Norway,1,1,0,0
Handball,"LUNDE Katrine",Norway,1,1,0,0
Handball,"INGSTAD Vilde",Norway,1,1,0,0
Handball,"BREISTOEL Kristine",Norway,1,1,0,0
Hockey,"HOEDEMAKERS Tje",Netherlands,1,1,0,0
